{"name":"7c91a97b-1e18-4d09-ac08-9c223ab50336","id":"/providers/Microsoft.Flow/flows/7c91a97b-1e18-4d09-ac08-9c223ab50336","type":"Microsoft.Flow/flows","properties":{"apiId":"/providers/Microsoft.PowerApps/apis/shared_logicflows","displayName":"PBI Premium Capacity overloaded alert","definition":{"metadata":{"workflowEntityId":null,"processAdvisorMetadata":null,"flowChargedByPaygo":null,"flowclientsuspensionreason":"None","flowclientsuspensiontime":null,"flowclientsuspensionreasondetails":null,"creator":{"id":"957cd1fa-c9f9-4909-8b59-5d8f02400e33","type":"User","tenantId":"8cc5ffdf-b1ef-4c56-a1b2-908c59b953d0"},"provisioningMethod":"FromDefinition","failureAlertSubscription":true,"clientLastModifiedTime":"2023-05-26T12:12:46.781242Z"},"$schema":"https://schema.management.azure.com/providers/Microsoft.Logic/schemas/2016-06-01/workflowdefinition.json#","contentVersion":"1.0.0.0","parameters":{"$connections":{"defaultValue":{},"type":"Object"},"$authentication":{"defaultValue":{},"type":"SecureObject"}},"triggers":{"Recurrence":{"recurrence":{"frequency":"Day","interval":1,"timeZone":"Romance Standard Time","schedule":{"hours":["9"]}},"metadata":{"operationMetadataId":"b96f2420-2279-4b9c-b41b-f1eaa2fe2995"},"type":"Recurrence"}},"actions":{"Initialize_variable_-_CapacityName":{"runAfter":{},"metadata":{"operationMetadataId":"59510407-756d-4d6d-87e7-90c07c7a4d09"},"type":"InitializeVariable","inputs":{"variables":[{"name":"CapacityName","type":"string","value":"0B6C577A-E37D-4F5D-A47C-8D07CED0DB4D"}]}},"Initialize_variable_-_timeDifference_inHours":{"runAfter":{"Initialize_variable_-_CapacityName":["Succeeded"]},"metadata":{"operationMetadataId":"796939ff-5b31-4c0a-beea-02ef1289e8ea"},"type":"InitializeVariable","inputs":{"variables":[{"name":"timeDifference_inHours","type":"integer","value":1000}]}},"Run_a_query_against_a_dataset_-_Get_Overloader":{"runAfter":{"Initialize_variable_-_Overloader_details_table":["Succeeded"]},"metadata":{"operationMetadataId":"b634718f-87cd-4cf0-86d6-089578a6874a"},"type":"OpenApiConnection","inputs":{"host":{"apiId":"/providers/Microsoft.PowerApps/apis/shared_powerbi","connectionName":"shared_powerbi","operationId":"ExecuteDatasetQuery"},"parameters":{"groupid":"20fb13ba-a7c8-4b38-a1cf-31a44e08bd0d","datasetid":"faf5914b-3f63-4a60-91ce-eacc68238fd7","specification/query":"DEFINE\n    VAR CapacityID = \"@{variables('CapacityName')}\"\n    VAR vHourDiff = @{variables('timeDifference_inHours')}\n\nEVALUATE\nSELECTCOLUMNS (\n    FILTER (\n        CALCULATETABLE (\n            ADDCOLUMNS (\n                ADDCOLUMNS (\n                    SUMMARIZECOLUMNS (\n                        Items[ItemId]\n                        \n                    ),\n                    \"Last_OverloadTS\", CALCULATE ( MAX ( ThrottlingByItem[OperationStartTime] ) ),\n                    \"Sum_throlltletime\", CALCULATE ( SUM ( ThrottlingByItem[count_throlltletime] ) )\n                ),\n                \"HourDiff\", DATEDIFF ( [Last_OverloadTS], NOW (), HOUR )\n            ),\n            ThrottlingByItem[count_throttledoperations] > 0,\n            Capacities[CapacityId] = CapacityID\n        ),\n        [HourDiff] < vHourDiff && [Sum_throlltletime] > 0\n    ),\n    [ItemId],\n    [Last_OverloadTS],\n    [Sum_throlltletime]\n)","specification/serializerSettings/includeNulls":false},"authentication":"@parameters('$authentication')"}},"Apply_to_each_-_Artifact_list":{"foreach":"@outputs('Run_a_query_against_a_dataset_-_Get_Overloader')?['body/firstTableRows']","actions":{"Parse_JSON__-_artifact_row":{"runAfter":{},"metadata":{"operationMetadataId":"411dca93-2ae6-4993-8a11-497a0cee858b"},"type":"ParseJson","inputs":{"content":"@items('Apply_to_each_-_Artifact_list')","schema":{"type":"object","properties":{"Items[ItemId]":{"type":"string"},"[Last_OverloadTS]":{"type":"string"},"[Sum_throlltletime]":{"type":"integer"}}}}},"Parse_JSON":{"runAfter":{"getDatasetOwner":["Succeeded"]},"metadata":{"operationMetadataId":"25527459-00aa-44fc-8a38-cbf99f1e009b"},"type":"ParseJson","inputs":{"content":"@body('getDatasetOwner')","schema":{"type":"object","properties":{"@@odata.context":{"type":"string"},"id":{"type":"string"},"name":{"type":"string"},"webUrl":{"type":"string"},"configuredBy":{"type":"string"},"isRefreshable":{"type":"boolean"},"isEffectiveIdentityRequired":{"type":"boolean"},"isEffectiveIdentityRolesRequired":{"type":"boolean"},"isOnPremGatewayRequired":{"type":"boolean"},"targetStorageMode":{"type":"string"},"createReportEmbedURL":{"type":"string"},"qnaEmbedURL":{"type":"string"},"upstreamDatasets":{"type":"array"},"users":{"type":"array"}}}}},"Send_an_email_(V2)":{"runAfter":{"Create_HTML_table":["Succeeded"]},"metadata":{"operationMetadataId":"949739da-4f83-4a0f-9044-07f1c68a964c"},"type":"OpenApiConnection","inputs":{"host":{"apiId":"/providers/Microsoft.PowerApps/apis/shared_office365","connectionName":"shared_office365","operationId":"SendEmailV2"},"parameters":{"emailMessage/To":"@body('Parse_JSON')?['configuredBy']","emailMessage/Subject":"PBI Capacity alert @{variables('CapacityName')} - last @{variables('timeDifference_inHours')} Hours","emailMessage/Body":"<p>Your dataset '@{body('Parse_JSON')?['name']}' has generatted an overload in the PBI Premium capacity !<br>\n<br>\n@{body('Create_HTML_table')}<br>\n<br>\nPlease consider optimizing it !<br>\n</p>","emailMessage/Importance":"Normal"},"authentication":"@parameters('$authentication')"}},"Run_a_query_against_a_dataset_-_Get_Overloaded_details":{"runAfter":{"Parse_JSON":["Succeeded"]},"metadata":{"operationMetadataId":"99786b5d-5b60-4849-8615-d88991025e32"},"type":"OpenApiConnection","inputs":{"host":{"apiId":"/providers/Microsoft.PowerApps/apis/shared_powerbi","connectionName":"shared_powerbi","operationId":"ExecuteDatasetQuery"},"parameters":{"groupid":"20fb13ba-a7c8-4b38-a1cf-31a44e08bd0d","datasetid":"faf5914b-3f63-4a60-91ce-eacc68238fd7","specification/query":"DEFINE\n    VAR CapacityID = \"@{variables('CapacityName')}\"\n    VAR vHourDiff = @{variables('timeDifference_inHours')}\n    var vItem= \"@{body('Parse_JSON__-_artifact_row')?['Items[ItemId]']}\"\n    \nEVALUATE\nSELECTCOLUMNS (\n    FILTER (\n        CALCULATETABLE (\n            ADDCOLUMNS (\n                ADDCOLUMNS (\n                    SUMMARIZECOLUMNS (\n                        Items[ItemName],\n                        Items[WorkspaceName],\n                        Items[ItemKind],\n                        'Date and Time'[Date],\n                        'Date and Time'[Hour Start]\n                        \n                    ),\n                    \"Last_OverloadTS\", CALCULATE ( MAX ( ThrottlingByItem[OperationStartTime] ) ),\n                    \"Sum_throlltletime\", CALCULATE ( SUM ( ThrottlingByItem[count_throlltletime] ) ),\n                    \"Sum_throttledoperations\", CALCULATE ( SUM ( ThrottlingByItem[count_throttledoperations] ) ),\n                    \"Interactive%\", FORMAT([xInteractive %],\"0.00%\"),\n                    \"Background%\", FORMAT([xBackground %],\"0.00%\"),\n                    \"CPU%\", FORMAT([xInteractive %]+[xBackground %],\"0.00%\"),\n                    \"Overloaded_mins\",[Count of throttled windows (Matrix)]\n                ),\n                \"HourDiff\", DATEDIFF ( [Last_OverloadTS], NOW (), HOUR )\n            ),\n            ThrottlingByItem[count_throttledoperations] > 0,\n            Capacities[CapacityId] = CapacityID,\n            Items[ItemId]=vItem\n        ),\n        [HourDiff] < vHourDiff && [Sum_throlltletime] > 0\n    ),\n    [ItemName],\n    [WorkspaceName],\n    [ItemKind],\n    [Last_OverloadTS],\n    [Sum_throlltletime],\n    [Interactive%],\n    [Background%],\n    [CPU%],\n    [Overloaded_mins],\n    [Sum_throttledoperations]\n)","specification/serializerSettings/includeNulls":false},"authentication":"@parameters('$authentication')"}},"Apply_to_each_-_overloader_details":{"foreach":"@outputs('Run_a_query_against_a_dataset_-_Get_Overloaded_details')?['body/firstTableRows']","actions":{"Parse_JSON_-_Overloader_details":{"runAfter":{},"metadata":{"operationMetadataId":"defdd303-62e3-47fc-bb44-a16c8d901c63"},"type":"ParseJson","inputs":{"content":"@items('Apply_to_each_-_overloader_details')","schema":{"type":"object","properties":{"Items[ItemName]":{"type":"string"},"Items[WorkspaceName]":{"type":"string"},"Items[ItemKind]":{"type":"string"},"[Last_OverloadTS]":{"type":"string"},"[Sum_throlltletime]":{"type":"integer"},"[Interactive%]":{"type":"string"},"[Background%]":{"type":"string"},"[CPU%]":{"type":"string"},"[Overloaded_mins]":{"type":"number"},"[Sum_throttledoperations]":{"type":"integer"}}}}},"Append_to_array_variable":{"runAfter":{"Parse_JSON_-_Overloader_details":["Succeeded"]},"metadata":{"operationMetadataId":"26733259-06dc-494a-ab9c-d95cfabdca59"},"type":"AppendToArrayVariable","inputs":{"name":"_Overloader_details","value":"@body('Parse_JSON_-_Overloader_details')"}}},"runAfter":{"Set_variable":["Succeeded"]},"metadata":{"operationMetadataId":"58db65da-fdae-478d-93f5-0abecfba8dd3"},"type":"Foreach"},"Create_HTML_table":{"runAfter":{"Apply_to_each_-_overloader_details":["Succeeded"]},"metadata":{"operationMetadataId":"c0b5f7be-a52f-4100-a5a2-d76f8e90cded"},"type":"Table","inputs":{"from":"@variables('_Overloader_details')","format":"HTML"}},"Set_variable":{"runAfter":{"Run_a_query_against_a_dataset_-_Get_Overloaded_details":["Succeeded"]},"metadata":{"operationMetadataId":"6ed33c26-7662-4bdf-97fe-43e4880945f5"},"type":"SetVariable","inputs":{"name":"_Overloader_details","value":"@null"}},"getDatasetOwner":{"runAfter":{"Parse_JSON__-_artifact_row":["Succeeded"]},"metadata":{"operationMetadataId":"26485577-ec32-4d84-9cb9-a376d9a735da"},"type":"OpenApiConnection","inputs":{"host":{"apiId":"/providers/Microsoft.PowerApps/apis/shared_get-20dataset-20owner-5f1164c7bd65d9c3c9-5f0f1757ecadd88556","connectionName":"shared_get-20dataset-20owner-5f1164c7bd65d9c3c9-5f0f1757ecadd88556","operationId":"getDatasetOwner"},"parameters":{"datasetId":"@body('Parse_JSON__-_artifact_row')?['Items[ItemId]']"},"authentication":"@parameters('$authentication')"}}},"runAfter":{"Run_a_query_against_a_dataset_-_Get_Overloader":["Succeeded"]},"metadata":{"operationMetadataId":"f08fb464-ba69-40ce-b210-e071d6416118"},"type":"Foreach"},"Initialize_variable_-_Overloader_details_table":{"runAfter":{"Initialize_variable_-_timeDifference_inHours":["Succeeded"]},"metadata":{"operationMetadataId":"7448b287-8948-4fce-b699-2cd24df706aa"},"type":"InitializeVariable","inputs":{"variables":[{"name":"_Overloader_details","type":"array"}]}}}},"connectionReferences":{"shared_powerbi":{"connectionName":"83b531c9880349af8769d8c2b8fd84b1","source":"Embedded","id":"/providers/Microsoft.PowerApps/apis/shared_powerbi","tier":"NotSpecified"},"shared_office365":{"connectionName":"8dc7444d72734cc5958d0163de68d3c9","source":"Embedded","id":"/providers/Microsoft.PowerApps/apis/shared_office365","tier":"NotSpecified"},"shared_get-20dataset-20owner-5f1164c7bd65d9c3c9-5f0f1757ecadd88556":{"connectionName":"01306562-a8d5-4c14-a200-8a1c2049924b","source":"Embedded","id":"/providers/Microsoft.PowerApps/apis/shared_get-20dataset-20owner-5f1164c7bd65d9c3c9-5f0f1757ecadd88556","tier":"NotSpecified"}},"flowFailureAlertSubscribed":false,"isManaged":false}}